Rank	Target sequence	Genomic location	Strand	GC content (%)	Self-complementarity	MM0	MM1	MM2	MM3	Efficiency
1	CAAGGTGGCATGGGCGGCGGCGG	NZ_CP009273.1:14393	+	75	0	0	0	0	0	0.73
2	GAGCAAGGTGGCATGGGCGGCGG	NZ_CP009273.1:14390	+	70	0	0	0	0	0	0.72
3	TTTGGGGAGGTTAGCGGGTCAGG	NZ_CP009273.1:15286	-	60	0	0	0	0	0	0.71
4	GCGCGGGCTGTTGTGCTCGCCGG	NZ_CP009273.1:15222	-	75	1	0	0	0	0	0.71
5	GGCTGTTGTGCTCGCCGGTTGGG	NZ_CP009273.1:15217	-	65	0	0	0	0	0	0.68
6	CCGCGTTGTCGTCGAAACACCGG	NZ_CP009273.1:15136	+	60	0	0	0	0	0	0.68
7	GTCCGTTAAAATCCCGGCAGGGG	NZ_CP009273.1:14803	+	55	0	0	0	0	0	0.68
8	TTTGAGCAAGGTGGCATGGGCGG	NZ_CP009273.1:14387	+	55	0	0	0	0	0	0.68
9	AGCGGGCGAGCATGGCGCACCGG	NZ_CP009273.1:14866	+	75	0	0	0	0	0	0.68
10	ACGGAATAGCTTACCGGTCTGGG	NZ_CP009273.1:15057	-	50	0	0	0	0	0	0.67
11	CAGTTTGACGCGACCATCAAGGG	NZ_CP009273.1:15018	-	50	0	0	0	0	0	0.67
12	GGCATGGGCGGCGGCGGTTTTGG	NZ_CP009273.1:14399	+	75	0	0	0	0	0	0.67
13	GTGCCTGGCGAAACCCAGACCGG	NZ_CP009273.1:15044	+	65	2	0	0	0	0	0.69
14	GGCGTCAAGTCTGTCCGCGGTGG	NZ_CP009273.1:15092	+	70	0	0	0	0	0	0.67
15	CATGCTGCGTTTGAGCAAGGTGG	NZ_CP009273.1:14378	+	55	1	0	0	0	0	0.68
16	TTTAGGCGTTTCCAAAACAGCGG	NZ_CP009273.1:14194	+	40	0	0	0	0	0	0.66
17	GAAAGCTTCGGTGGCCCAACCGG	NZ_CP009273.1:15203	+	60	0	0	0	0	0	0.66
18	TGTGACGTTTGCCACGGTAGCGG	NZ_CP009273.1:14597	+	55	1	0	0	0	0	0.67
19	GGTCGTCAACGTGCGGCGCGCGG	NZ_CP009273.1:14486	+	75	0	0	0	0	0	0.66
20	GGCGGCGGCGGTTTTGGCGGCGG	NZ_CP009273.1:14405	+	80	0	0	0	0	0	0.66
21	TTGTCACCCTGGTTACGGTCCGG	NZ_CP009273.1:14267	-	55	2	0	0	0	0	0.68
22	TGGTCAGGTGCAGATGCGCCAGG	NZ_CP009273.1:14668	+	65	0	0	0	0	0	0.65
23	GCGTTTGAGCAAGGTGGCATGGG	NZ_CP009273.1:14384	+	55	0	0	0	0	0	0.65
24	CGGACGTGGTCGTCAACGTGCGG	NZ_CP009273.1:14479	+	65	4	0	0	0	0	0.69
25	CTTGCGGGCGAAGGTGAAGCGGG	NZ_CP009273.1:14849	+	65	0	0	0	0	0	0.65
26	AATCACCCTGTGCGCCACCGCGG	NZ_CP009273.1:15106	-	65	0	0	0	0	0	0.65
27	TCTGTCCGCGGTGGCGCACAGGG	NZ_CP009273.1:15101	+	70	0	0	0	0	0	0.65
28	CAGGCTTTTGGGGAGGTTAGCGG	NZ_CP009273.1:15292	-	55	0	0	0	0	0	0.65
29	GAGCTGCAAGAAAGCTTCGGTGG	NZ_CP009273.1:15194	+	55	1	0	0	0	0	0.65
30	CTATTCCGTATGCGCGGTAAAGG	NZ_CP009273.1:15071	+	50	0	0	0	0	0	0.64
31	GTCTGTCCGCGGTGGCGCACAGG	NZ_CP009273.1:15100	+	75	0	0	0	0	0	0.64
32	AAAGGCGTCAAGTCTGTCCGCGG	NZ_CP009273.1:15089	+	55	0	0	0	0	0	0.64
33	TTCGCTATGGCGGCGCTGGGTGG	NZ_CP009273.1:14978	+	70	0	0	0	0	0	0.64
34	GAAGGTGAAGCGGGCGAGCATGG	NZ_CP009273.1:14858	+	65	0	0	0	0	0	0.64
35	TGACAGGTCGGACAAGTCTGCGG	NZ_CP009273.1:14639	-	55	1	0	0	0	0	0.65
36	TTGCCTTCACGCTCGAAAATCGG	NZ_CP009273.1:14927	-	45	0	0	0	0	0	0.64
37	AACTTCGCTATGGCGGCGCTGGG	NZ_CP009273.1:14975	+	60	0	0	0	0	0	0.64
38	GGCAGGCGATCTGTACGTTCAGG	NZ_CP009273.1:14887	+	60	0	0	0	0	0	0.64
39	CACCGGTAGGCCTGAACGAAAGG	NZ_CP009273.1:15153	+	60	1	0	0	0	0	0.65
40	CAAGAGCTGCAAGAAAGCTTCGG	NZ_CP009273.1:15191	+	45	1	0	0	0	0	0.64
41	CACGGTAGCGGTGCAAAACCAGG	NZ_CP009273.1:14609	+	60	2	0	0	0	0	0.65
42	TGATCGGGACTTCGCAATACAGG	NZ_CP009273.1:14953	-	50	0	0	0	0	0	0.63
43	GTTTTCGGCGATATTTTTGGCGG	NZ_CP009273.1:14456	+	40	0	0	0	0	0	0.63
44	CTTCGCCCGCAAGACGGATGCGG	NZ_CP009273.1:14839	-	65	2	0	0	0	0	0.65
45	GCGGCCCTGACAGTGTGGACAGG	NZ_CP009273.1:14712	-	70	1	0	0	0	0	0.64
46	GAAGAGTGTGACGTTTGCCACGG	NZ_CP009273.1:14591	+	50	0	0	0	0	0	0.63
47	CTGTCCGTTAAAATCCCGGCAGG	NZ_CP009273.1:14801	+	55	0	0	0	0	0	0.62
48	CACCCTGGTTACGGTCCGGGTGG	NZ_CP009273.1:14263	-	70	2	0	0	0	0	0.64
49	GACCGACTCGCAAAAACGTGCGG	NZ_CP009273.1:14338	+	55	1	0	0	0	0	0.63
50	CACCCGATTTTCGAGCGTGAAGG	NZ_CP009273.1:14924	+	55	0	0	0	0	0	0.62
51	TGTCACCCTGGTTACGGTCCGGG	NZ_CP009273.1:14266	-	60	2	0	0	0	0	0.64
52	TGTCCGTTAAAATCCCGGCAGGG	NZ_CP009273.1:14802	+	50	0	0	0	0	0	0.62
53	ACTCTTCCAGAGTCGGAATGCGG	NZ_CP009273.1:14575	-	50	2	0	0	0	0	0.64
54	CCCGATCAACTTCGCTATGGCGG	NZ_CP009273.1:14968	+	55	0	0	0	0	0	0.62
55	GTTGTCGTCGAAACACCGGTAGG	NZ_CP009273.1:15140	+	55	0	0	0	0	0	0.62
56	GGCGAGCATGGCGCACCGGCAGG	NZ_CP009273.1:14870	+	80	0	0	0	0	0	0.62
57	TCTTGCGGGCGAAGGTGAAGCGG	NZ_CP009273.1:14848	+	60	0	0	0	0	0	0.62
58	GACCTGTCATGGTTCTGGTCAGG	NZ_CP009273.1:14653	+	55	1	0	0	0	0	0.63
59	TGTCCACACTGTCAGGGCCGCGG	NZ_CP009273.1:14714	+	65	0	0	0	0	0	0.62
60	CCTGGCCATGAAATACCACCCGG	NZ_CP009273.1:14248	+	55	0	0	0	0	0	0.62
61	TGACGCCTTTACCGCGCATACGG	NZ_CP009273.1:15076	-	55	0	0	0	0	0	0.62
62	GGGCTGTTGTGCTCGCCGGTTGG	NZ_CP009273.1:15218	-	70	0	0	0	0	0	0.62
63	CCAGGGTGACAAAGAGGCCGAGG	NZ_CP009273.1:14278	+	65	0	0	0	0	0	0.61
64	TGGAGACCGCATCCGTCTTGCGG	NZ_CP009273.1:14833	+	60	1	0	0	0	0	0.62
65	TTGACGCGACCATCAAGGGTCGG	NZ_CP009273.1:15014	-	55	2	0	0	0	0	0.63
66	CGCATCCGTCTTGCGGGCGAAGG	NZ_CP009273.1:14840	+	70	1	0	0	0	0	0.62
67	TACGGAATAGCTTACCGGTCTGG	NZ_CP009273.1:15058	-	50	0	0	0	0	0	0.61
68	GCGCATACGGAATAGCTTACCGG	NZ_CP009273.1:15063	-	50	0	0	0	0	0	0.61
69	CTCCAGTGTCCACCCCTGCCGGG	NZ_CP009273.1:14815	-	70	1	0	0	0	0	0.62
70	CAGACTTGTCCGACCTGTCATGG	NZ_CP009273.1:14642	+	55	1	0	0	0	0	0.62
71	ACGGTCCGGGTGGTATTTCATGG	NZ_CP009273.1:14253	-	55	1	0	0	0	0	0.62
72	GTACCGCGGCCCTGACAGTGTGG	NZ_CP009273.1:14717	-	70	0	0	0	0	0	0.61
73	CAGACCTGTCCACACTGTCAGGG	NZ_CP009273.1:14708	+	55	0	0	0	0	0	0.61
74	GATATTTTTGGTGACGTTTTCGG	NZ_CP009273.1:14441	+	30	0	0	0	0	0	0.61
75	AGGCTTTTGGGGAGGTTAGCGGG	NZ_CP009273.1:15291	-	55	0	0	0	0	0	0.61
76	CGTTAAAATCCCGGCAGGGGTGG	NZ_CP009273.1:14806	+	60	0	0	0	0	0	0.61
77	GGTCAGGTGCAGATGCGCCAGGG	NZ_CP009273.1:14669	+	65	0	0	0	0	0	0.60
78	GGTCATGCTGCGTTTGAGCAAGG	NZ_CP009273.1:14375	+	55	1	0	0	0	0	0.61
79	TGCCTTCACGCTCGAAAATCGGG	NZ_CP009273.1:14926	-	50	0	0	0	0	0	0.60
80	GATATTTTTGGCGGCGGACGTGG	NZ_CP009273.1:14465	+	55	2	0	0	0	0	0.62
81	ATCCCGGCAGGGGTGGACACTGG	NZ_CP009273.1:14813	+	70	1	0	0	0	0	0.61
82	ATCGAAGTACCGACCCTTGATGG	NZ_CP009273.1:15005	+	50	0	0	0	0	0	0.60
83	GCCACGTACAGCTTCTTCGAGGG	NZ_CP009273.1:14538	-	55	0	0	0	0	0	0.60
84	TGCCTTTCGTTCAGGCCTACCGG	NZ_CP009273.1:15155	-	55	1	0	0	0	0	0.61
85	TAGGGGCAATTTAAAAAAGATGG	NZ_CP009273.1:14149	+	30	0	0	0	0	0	0.60
86	CGTGCGGCATACGATCAGTATGG	NZ_CP009273.1:14354	+	55	0	0	0	0	0	0.60
87	CGCTCAAAGAGCTTCTTTGATGG	NZ_CP009273.1:15242	+	45	1	0	0	0	0	0.61
88	GCAGACCTGTCCACACTGTCAGG	NZ_CP009273.1:14707	+	60	0	0	0	0	0	0.60
89	TTCACGCTCTTCCGCTGTTTTGG	NZ_CP009273.1:14205	-	50	1	0	0	0	0	0.61
90	ACCCTCGAAGAAGCTGTACGTGG	NZ_CP009273.1:14537	+	55	0	0	0	0	0	0.59
91	TCTCCAGTGTCCACCCCTGCCGG	NZ_CP009273.1:14816	-	65	1	0	0	0	0	0.60
92	GCTGTTTCTGCCTTTCGTTCAGG	NZ_CP009273.1:15163	-	50	0	0	0	0	0	0.59
93	CTGGTTTTGCACCGCTACCGTGG	NZ_CP009273.1:14608	-	60	2	0	0	0	0	0.61
94	ACGTCACACTCTTCCAGAGTCGG	NZ_CP009273.1:14582	-	50	3	0	0	0	0	0.62
95	CACCTGACCAGAACCATGACAGG	NZ_CP009273.1:14655	-	55	0	0	0	0	0	0.59
96	TCAGTTTGACGCGACCATCAAGG	NZ_CP009273.1:15019	-	50	0	0	0	0	0	0.59
97	ATACCACCCGGACCGTAACCAGG	NZ_CP009273.1:14260	+	60	2	0	0	0	0	0.61
98	AGTCGGAATGCGGATCTCTTTGG	NZ_CP009273.1:14565	-	50	0	0	0	0	0	0.59
99	TGCGTTTGAGCAAGGTGGCATGG	NZ_CP009273.1:14383	+	55	0	0	0	0	0	0.58
100	CAAAGAAGCTCTTTGAGCGCGGG	NZ_CP009273.1:15238	-	50	1	0	0	0	0	0.59
101	AACGCTGTCCGTTAAAATCCCGG	NZ_CP009273.1:14797	+	45	1	0	0	0	0	0.59
102	TACCACCCGGACCGTAACCAGGG	NZ_CP009273.1:14261	+	60	2	0	0	0	0	0.60
103	TGCCGCACGTTTTTGCGAGTCGG	NZ_CP009273.1:14340	-	55	2	0	0	0	0	0.60
104	CGATCTGTACGTTCAGGTTCAGG	NZ_CP009273.1:14893	+	50	0	0	0	0	0	0.58
105	AGAGATCCGCATTCCGACTCTGG	NZ_CP009273.1:14569	+	55	1	0	0	0	0	0.59
106	GATCTTTGATCAGCGTACCGCGG	NZ_CP009273.1:14731	-	50	0	0	0	0	0	0.57
107	GGTAAGCTATTCCGTATGCGCGG	NZ_CP009273.1:15065	+	50	0	0	0	0	0	0.57
108	CACCCCTGCCGGGATTTTAACGG	NZ_CP009273.1:14805	-	55	0	0	0	0	0	0.57
109	CAAGATTATTACGAGATTTTAGG	NZ_CP009273.1:14177	+	25	0	0	0	0	0	0.57
110	GGAAGAGCGTGAAATCAGAAAGG	NZ_CP009273.1:14215	+	45	0	0	0	0	0	0.57
111	CCTCCCCAAAAGCCTGCCCGTGG	NZ_CP009273.1:15299	+	70	2	0	0	0	0	0.59
112	TGACCAGAACCATGACAGGTCGG	NZ_CP009273.1:14651	-	50	0	0	0	0	0	0.57
113	GCTGTACAGCGAAGAATCCCTGG	NZ_CP009273.1:14686	-	55	0	0	0	0	0	0.56
114	TGCTGATTTACGCTATAACATGG	NZ_CP009273.1:14509	+	35	0	0	0	0	0	0.56
115	GACGTTTTCGGCGATATTTTTGG	NZ_CP009273.1:14453	+	40	0	0	0	0	0	0.56
116	CAAGTCTGCGGCTGTGTACCTGG	NZ_CP009273.1:14627	-	60	1	0	0	0	0	0.57
117	GCCGCCATAGCGAAGTTGATCGG	NZ_CP009273.1:14969	-	55	0	0	0	0	0	0.56
118	TCAAAGAAGCTCTTTGAGCGCGG	NZ_CP009273.1:15239	-	45	1	0	0	0	0	0.57
119	TTTCATGGCCAGGCGTTTGTAGG	NZ_CP009273.1:14238	-	50	1	0	0	0	0	0.57
120	TGAACGTACAGATCGCCTGCCGG	NZ_CP009273.1:14885	-	55	0	0	0	0	0	0.56
121	TGCAACAAATGTCATGGTCATGG	NZ_CP009273.1:14756	+	40	0	0	0	0	0	0.56
122	AGTCCCGATCAACTTCGCTATGG	NZ_CP009273.1:14965	+	50	0	0	0	0	0	0.56
123	TGTCCGACCTGTCATGGTTCTGG	NZ_CP009273.1:14648	+	55	0	0	0	0	0	0.55
124	CGCCACGTACAGCTTCTTCGAGG	NZ_CP009273.1:14539	-	60	0	0	0	0	0	0.55
125	TGACCATGACATTTGTTGCACGG	NZ_CP009273.1:14753	-	40	0	0	0	0	0	0.55
126	GATCCGTGCAACAAATGTCATGG	NZ_CP009273.1:14750	+	45	0	0	0	0	0	0.54
127	GGAGACCGCATCCGTCTTGCGGG	NZ_CP009273.1:14834	+	65	1	0	0	0	0	0.55
128	GATCTCTTTAAATTTCGCCTCGG	NZ_CP009273.1:14295	-	35	0	0	0	0	0	0.53
129	GCAGACTTCAGCGATATTTTTGG	NZ_CP009273.1:14429	+	40	1	0	0	0	0	0.53
130	CCGTAACCAGGGTGACAAAGAGG	NZ_CP009273.1:14272	+	55	0	0	0	0	1	0.63
131	CTTCACCTTCGCCCGCAAGACGG	NZ_CP009273.1:14845	-	60	0	0	0	0	1	0.61
132	CAACTTCGCTATGGCGGCGCTGG	NZ_CP009273.1:14974	+	65	0	0	0	0	1	0.60
133	TTACCGGTCTGGGTTTCGCCAGG	NZ_CP009273.1:15047	-	60	1	0	0	0	1	0.60
134	CAGAAAGGCCTACAAACGCCTGG	NZ_CP009273.1:14230	+	55	1	0	0	0	1	0.58
135	CGCGTCAAACTGAAAGTGCCTGG	NZ_CP009273.1:15029	+	55	0	0	0	0	1	0.53
136	GGCGAAATTTAAAGAGATCAAGG	NZ_CP009273.1:14299	+	35	0	0	0	1	0	0.57
137	ATGGGCGGCGGCGGTTTTGGCGG	NZ_CP009273.1:14402	+	70	0	0	0	0	2	0.69
138	TTCGGCGATATTTTTGGCGGCGG	NZ_CP009273.1:14459	+	50	0	0	0	0	2	0.63